beat,lesson line,roll 4 (0:42.4-1:28.0),roll 5 (0:28.5-1:10.6),roll 6 (0:45.2-1:25.2)
intro,Here is how to evaluate an AI answer.,OK: "This flowchart maps out the entire evaluation process.",BEST: "This flowchart outlines how to evaluate an AI answer.",OK: "This flowchart shows the complete evaluation cycle."
Quick Pass,Start with Quick Pass. Read. Understand. Validate.,OK: names all three,MISS: names Quick Pass only,OK: names all three (calls it "mandatory")
diamond,do you need to dig deeper?,OK ("diamond structure in the center"),OK + extra line: it's a judgment call not an automatic step,OK
Yes path,"If yes, follow the arrow to Dig Deeper. Choose the checks that fit. Then go to Your Move.","PARTIAL: yes path to Dig Deeper, ""select specific checks... before moving forward""; never says it then goes to Your Move","WRONG: ""follow the path down"" (Yes arrow points right); no Your Move","WRONG: ""follow this downward arrow"" (Yes arrow points right); no Your Move"
No path,"If no, follow the top arrow straight to Your Move.","OK: ""take the no path straight to the final stage, labeled your move""","BEST: ""follow the top arrow straight to your final move""","BEST: ""follow the top arrow straight to the final stage, your move"""
three outcomes,"Use It, Fix It, or Walk Away.",OK,OK,OK (order: use / walk away / fix)
Fix It loop,"If you choose Fix It, follow the return arrow to Quick Pass. Check the fix before you use the revised answer.","OK: ""loop right back to the quick pass to evaluate the revised version""","OK: ""return arrow back to the start... evaluate the revised output""","OK: ""loop right back to the quick pass to evaluate the new version"""
after-line to cut,-,"""cyclical workflow"" line (1:28.0-1:36.6)","""every single time"" line (1:10.6-1:18.4) - contradicts the lesson","""internalizing... dependable asset"" (1:25.2-1:37.2)"
verbatim required lines,3 required,0 of 3,0 of 3,0 of 3
verdict,,BASE (only roll with no wrong statement),reject for this span,No-path donor only
