video,board,start_seconds,end_seconds,continuous_seconds,camera_and_highlighting,proposed_break_or_exception
understand-ai-opener,What Kind of Thing Is AI?,0,11.7333,11.7333,Gold rings follow the four spoken lines; full view. Preserve early-first-item exception.,KEEP 11.73s; normalize to 4px if repaired.
understand-ai-opener,Under the Hood,57.7667,65.2667,7.5,Full view; violet outline around the complete takeaway banner.,KEEP 7.50s.
understand-ai-opener,Understand AI,80.7667,139.1333,58.3666,"Full map; one row ring at a time in order: learned, probability, words/numbers, meaning, answer. No takeaway ring.",Proposed drawing break 107.82–115.82; runs 27.05s and 23.31s; explicit pacing exception needed.
understand-ai-opener,The machine won’t feel like magic anymore. / Take it a piece at a time.,139.1333,148.0333,8.9,"Current close, no ring; preserve standard push and settled hold.",KEEP 8.90s.
training,The Training Loop,29.1,61.3333,32.2333,Full view; Guess → Check → Adjust → repeat/banner.,Break near 49–56s with current weights drawing; provisional residual 19.9s and 5.3s.
training,Before Training Starts,61.3333,80.6333,19.3,Full view; Set Up the System → Gather the Data.,KEEP 19.30s.
training,Three Phases of Training,90.5,111.1333,20.6333,"Full view; shared basketball question, then phase cards.",KEEP 20.63s including 0.6s pause; slight overage is useful setup.
training,1 · Pretraining,111.1333,157.5333,46.4,Full opening; keep complete active sections readable; training → example → limitation.,Break tentatively 140–148s; residual 28.87s/9.53s needs exception.
training,2 · Instruction Tuning,157.5333,204.2,46.6667,Same treatment; training → example → limitation.,Break tentatively 183–192s; residual 25.47s/12.20s needs exception.
training,3 · Preference Tuning,204.2,256.9,52.7,Same treatment; feedback → example → limitation.,Break tentatively 232–245s; residual 27.80s/11.90s needs exception; preserve graft audio.
training,AI learns from examples and feedback. / Guess. Check. Adjust. Repeat.,280.0667,289.8667,9.8,"Standard close, unmarked.",KEEP 9.80s.
ai-is-math,Standard Probability,44.5333,61.1333,16.6,Full view; numerator → denominator → probability/banner.,KEEP 16.60s.
ai-is-math,Counting the Possibilities,61.1333,86.5667,25.4334,Full view; outcome groups then 25% result.,KEEP 25.43s as worked-example exception.
ai-is-math,A Clue Changes the Odds,118.3,149.3333,31.0333,Full view; evidence → remaining outcomes → 50%.,Proposed drawing 136–142s: residual 17.70s/7.33s.
ai-is-math,What Comes Next?,167.5,192,24.5,Full view; prompt and candidate probabilities.,"KEEP 24.50s, explicit exception."
ai-is-math,AI builds answers with probabilities. / One prediction at a time.,202.3333,210.3333,8.0,Standard close.,KEEP 8.00s.
tokens,You Use Words. AI Uses Numbers.,10.3,32.5,22.2,"Full view; conversation bubbles, no dive.",22.20s including pause; useful complete exchange exception.
tokens,Building Blocks for Language,64.9,115.1,50.2,Full board; whole-card treatment followed by reuse row/banner. Remove internal-photo crop.,50.20s; no verified suitable donor yet; exception or source-retrieval decision needed.
tokens,What Happens When You Hit Send,143.9667,181.6667,37.7,"Full opening; three complete steps, rings at onsets.",37.70s; preserve explanation; seek relevant donor.
tokens,Humans See a Cat. AI Starts With a Token ID.,181.6667,206.6,24.9333,Full view; human understanding → ID → banner.,24.93s including pause; minor exception.
tokens,How AI Splits Text Into Tokens,206.6,272.9333,66.3333,"Full opening; five complete rows, consistent zoom window and smooth moves; pull back.",66.33s; no reset for five rows or camera moves; donor needed to break responsibly.
tokens,Words become numbers. / That lets AI work with your language using math.,294.5,305.2667,10.7667,Standard close.,KEEP 10.77s.
embeddings,An ID Identifies You. It Doesn’t Describe You.,18.3667,34.6333,16.2666,Full view per owner; no badge-by-badge readout.,KEEP 16.27s.
embeddings,Meaning Becomes an Ordered Row of Numbers,64.3333,116.8667,52.5334,Full table; Coke → shared positions → vector/dimension/value.,Proposed drawing 86–95s; residual 21.67s/21.87s; small exceptions.
embeddings,One New Dimension Separates Similar Meanings,116.8667,147.5667,30.7,Full table; matched six values → Citrus column → summary.,30.70s; preserve comparison; no distinct donor verified.
embeddings,From Taste Ratings to AI Embeddings,153.8,202.7333,48.9333,Full opening; complete comparison rows; learning and unlabeled dimensions receive emphasis.,Proposed opening-sketch break 173–181s; residual 19.20s/21.73s.
embeddings,Inside a Real Model,207.9333,248.9667,41.0334,Full view per owner; ID → table row → dimensions → parameter → embedding.,41.03s; readability/pacing exception remains; clarify illustrative provenance.
embeddings,AI uses numbers to work with meaning. / Those numbers help AI recognize similarities and differences.,266.2667,278.3333,12.0666,Standard close.,KEEP 12.07s; moves earlier if optional recap cut approved.
transformer,Two Problems Context Must Solve,23.5667,39.0333,15.4666,Full board first; blue different-meanings card then named sentences.,"15.47s, then drawing break."
transformer,Two Problems Context Must Solve,42.8667,53.6667,10.8,Return full view; green pronouns card/sentences then banner.,10.80s; source correction affects examples.
transformer,How Earlier AI Read Text,61.6,81.9667,20.3667,Full view; whole sequence then distant CAT/IT relationship.,"20.37s, minor exception."
transformer,How a Transformer Reads a Sentence,92.1,102.6,10.5,Full view; complete sentence.,10.50s; correct causal-attention scope.
transformer,How Context Changes the Numbers,111.9,133.5,21.6,Full view; Attention → Transformation → banner.,"21.60s, minor exception."
transformer,How the Transformer Resolves Meaning,145.4667,166.9333,21.4666,Full opening; complete active card if useful; clues then banner.,21.47s; source correction before new timing.
transformer,How a Transformer Keeps Words in Order,192.7,216.2667,23.5667,Full view; same tokens → absent positions → position stamps → banner.,"23.57s, explicit exception."
transformer,Attention is all you need. / AI uses relationships between words to help interpret your message.,216.2667,226.2667,10.0,Standard close.,10.00s; reconsider wording if source scope changes.
layers,“The Horse Raced Past the Barn Fell”,5.1667,45.3,40.1333,Full view; First Read → More Reads → Meaning Clicks → banner.,40.13s; suitable horse donor not found; exception pending.
layers,How Layers Update the Numbers,64.1,102.6333,38.5333,Full board; stack then complete number boxes.,Break 75–81s; residual 10.90s/21.63s.
layers,How AI Connects ‘IT’ to ‘CAT’,108.1,148.3667,40.2667,Full board; one complete card ring per stage.,Proposed repeat-beat drawing 130.4–138.5s; residual 22.30s/9.87s.
layers,"Meaning builds up, layer by layer. / Attention and transformation. Dozens of times.",184,194.7,10.7,Standard close with current phrase gap.,KEEP 10.70s.
vector-space,"Three Cities, Two Coordinates Each",26.5,46.0333,19.5333,"Full view; named city labels, then banner.",KEEP 19.53s.
vector-space,Use the Map to Find the Closest City,46.0333,65.6333,19.6,Full view; each new coordinate and nearest city.,KEEP 19.60s; chain with prior board 39.13s.
vector-space,"Three Drinks, Seven Dimensions Each",85.0333,111.4333,26.4,Full table; shared Coke/Pepsi dimensions then coffee contrast.,26.40s now; safe radar replacement extends to 35.30s.
vector-space,A Map of Drink Similarities,120.3333,139.8,19.4667,Full map; compare neighborhoods and retain numeric rows.,19.47s now; safe scatter replacement extends to 29.97s.
vector-space,Use the Map to Find the Closest Drink,150.3,181.0333,30.7333,Full map; mystery row → Citrus difference → Pepsi.,"30.73s, useful worked-example exception; no suitable donor established."
vector-space,How Context Changes IT’s Position,206.0667,223.7,17.6333,Full view; starting IT → updated IT near CAT → banner.,17.63s including 1s frozen-board pause; proposed arrival 195.3 makes 28.40s.
vector-space,Meaning is a position in vector space. / Similar meanings usually sit close together.,223.7,232.9,9.2,Standard close.,KEEP 9.20s.
how-ai-answers,Before the Answer Begins,13.3333,49.0667,35.7334,Full opening; complete active cards for Tokens → Positions → Starting Vectors → Through Layers.,35.73s; existing owner-approved treatment preserved pending specific pacing approval.
how-ai-answers,Why the Final Token Matters,49.0667,83.9,34.8333,Compact full view; question/final token → final vector → banner.,34.83s; tentative 54–59s drawing break yields 4.93s/24.90s.
how-ai-answers,"The Answer, Token by Token",103.5333,166.9333,63.4,"Dense: full opening, complete Prediction 1 and Prediction 5 cards; show three-token bridge whole; pull back.","63.40s; proposed 125.7–133.1 break leaves 22.17s/33.83s, still exceptions."
how-ai-answers,Inference: How AI Builds an Answer,204.0333,243.9667,39.9334,Compact full view; Rank → Pick → Add → Repeat.,39.93s; proposed 225–230s drawing leaves 20.97s/13.97s.
how-ai-answers,Every answer is built one token at a time. / The whole run is called inference.,243.9667,253.9,9.9333,Standard close.,KEEP 9.93s.
one-more-thing,"Same Probabilities, Different Choices",53.9333,91.7,37.7667,Compact full view; probabilities → five picks → takeaway.,37.77s; tentative sketch 79.56–82.18 leaves 25.63s/9.52s.
one-more-thing,How Temperature Changes the Odds,105.3,136.5333,31.2333,Compact full view; start → low/36% → high/16% → banner.,31.23s including pause; direct-comparison exception.
one-more-thing,The Math Adds Up Fast,165.9333,210.5,44.5667,Compact full view; one token → short answer → longer conversation → banner.,Hypothetical-scale drawing 191.72–197.02; residual 25.79s/13.48s.
one-more-thing,"Not a mind. Math, at a scale nobody can picture. / Every time you hit send.",210.5,223.9,13.4,Standard close.,KEEP 13.40s; audition full closing words.
