requirement,live (2:38),roll 1 (2:45),roll 2 (3:27)
"""Don't just ask. Aim.""",MISSED (paraphrase),MISSED 0:04 "aim your instructions with precision",MISSED 0:15 "you must aim with a clear target"
"""Don't just copy. Check.""",MISSED (paraphrase),MISSED 0:08 "always verify the output",MISSED 0:20 "check every response"
"""Don't just use AI. Work with it."" (open)",MISSED,MISSED,MISSED 0:24 "active collaboration"
"""It doesn't replace your thinking. It multiplies it."" (open)",MISSED,MISSED 0:13 "force multiplier for your own thinking",MISSED 0:30 paraphrase
"Transition ""You've met the tool... Now it gets practical""",PARAPHRASE ("capabilities"),PARAPHRASE ("capabilities" "operation" "workflow"),PARAPHRASE
"Camera: blurry lunch photo / photographer's cover shot",MISSED (sandwich version),MISSED (sandwich version),MISSED (generic subject)
"Part names spoken",MET,MISSED (strategy / mechanics of prompting / output),MET 2:12 2:28 2:42
"""Giving AI the right details helps it give you a better answer.""",MISSED ("force a better outcome"),MISSED 2:06 "most reliable way to get a usable answer",MISSED 2:37 "context it needs to produce an accurate response"
"""The result depends on how you use the tool.""",MISSED ("depends entirely"),MISSED 2:25 "direct consequence of your methodology",MISSED 2:51 "depends entirely on your use of the tool"
"Closing ""Don't just use AI. Work with it.""",MET 2:27,MISSED (no close),MISSED
"Closing ""It doesn't replace your thinking. It multiplies it.""",UNRESOLVED ("AI doesn't"?),MISSED,MISSED 3:20 "It multiplies your thinking, but relies on your effort"
"Banned words",capabilities,precision capabilities operation workflow mechanics methodology,none from list; register formal throughout
"Verdict",REROLL,REJECT,REJECT
