lesson,video,kind,n,point,rating,timestamp,spoken_or_note
critical-thinking,course-assets/critical-thinking/critical-thinking.mp4,teaching point,1,"Hook: what you know matters, so does what you do with it",TAUGHT,0:05.22-0:11.22,"""Having knowledge is essential, but what you choose to do with that knowledge is what actually dictates your results."""
critical-thinking,course-assets/critical-thinking/critical-thinking.mp4,teaching point,2,Board 1 equation: knowledge plus critical thinking leads to better questions and better decisions,RICH,0:00.00-0:04.38 + 0:32.86-0:37.58,"""This graphic lays out a basic equation for how we process information."" / ""When you combine these two halves, the result is better questions and better decisions."""
critical-thinking,course-assets/critical-thinking/critical-thinking.mp4,teaching point,3,"Knowledge: understand the subject, recognize when something doesn't add up",RICH,0:12.16-0:21.14,"""Knowledge forms your baseline. It helps you understand a subject and recognize when something in a text or a prompt doesn't add up."""
critical-thinking,course-assets/critical-thinking/critical-thinking.mp4,teaching point,4,"Critical thinking: question the claim, examine the evidence, consider other explanations before deciding what to believe or do",TAUGHT,0:23.50-0:31.98,"""Critical thinking means you question a claim, examine the evidence, and consider alternative explanations before you decide what to do next."" (drops ""believe"")"
critical-thinking,course-assets/critical-thinking/critical-thinking.mp4,teaching point,5,Be Smarter Than the Tool,RICH,0:38.38-0:39.50,"""Be smarter than the tool."""
critical-thinking,course-assets/critical-thinking/critical-thinking.mp4,teaching point,6,It isn't don't trust anything; it's asking what would have to be true for a claim to hold up,RICH,0:40.34-0:46.52,"""It isn't don't trust anything either. It's the habit of asking what would have to be true for a claim to hold up."""
critical-thinking,course-assets/critical-thinking/critical-thinking.mp4,teaching point,7,"2015 chocolate story: headlines worldwide, study said eating chocolate helps you lose weight, Slim by Chocolate!",TAUGHT,0:46.72-0:59.40,"""In 2015, news outlets around the world publish stories about a scientific study claiming a delicious new method for losing weight. One front page ran the headline slim by chocolate."" (chocolate enters only via the headline)"
critical-thinking,course-assets/critical-thinking/critical-thinking.mp4,teaching point,8,"Bridge: did the headline make you pause, that's critical thinking starting; next step is asking whether the evidence supports it; reactions went two directions",THIN,1:00.68 / 1:05.72,"Non-essential bridge. Contrast carried by ""The face value reaction was immediate"" / ""But a critical thinking reaction takes a different path""; the pause-is-the-start beat and ""does the evidence support it"" are not spoken here (evidence question arrives with Habit 1 at 2:15.16)"
critical-thinking,course-assets/critical-thinking/critical-thinking.mp4,teaching point,9,Board 2 the claim: Chocolate helps you lose weight,TAUGHT,0:53.40-0:59.40,"""claiming a delicious new method for losing weight ... slim by chocolate"" (never spoken as a plain sentence)"
critical-thinking,course-assets/critical-thinking/critical-thinking.mp4,teaching point,10,Face value first reaction: Sounds great. I believe it.,RICH,1:00.68-1:04.80,"""The face value reaction was immediate. Sounds great. I believe it."""
critical-thinking,course-assets/critical-thinking/critical-thinking.mp4,teaching point,11,Critical thinking second reaction: Wait. What's behind the claim?,RICH,1:05.72-1:10.56,"""But a critical thinking reaction takes a different path. Wait. What's behind the claim?"""
critical-thinking,course-assets/critical-thinking/critical-thinking.mp4,teaching point,12,Pause when a claim sounds exactly like what you want to believe,TAUGHT,1:10.78-1:16.30,"""You must force yourself to pause, especially when a claim matches what you want to believe."""
critical-thinking,course-assets/critical-thinking/critical-thinking.mp4,teaching point,13,The study was real but flimsy on purpose,RICH,1:17.12-1:23.00,"""The study itself actually existed. However, it was deliberately designed to be scientifically flimsy."""
critical-thinking,course-assets/critical-thinking/critical-thinking.mp4,teaching point,14,"Only 15 participants, 18 different measurements",RICH,1:27.34-1:35.34,"""The researchers used a tiny sample size of only 15 participants, but they tracked 18 entirely different measurements for each person."""
critical-thinking,course-assets/critical-thinking/critical-thinking.mp4,teaching point,15,"With that many measurements in such a small group, a chance result could look like an important discovery",RICH,1:35.34-1:40.48,"""With that many measurements in such a small group, a chance result could look like an important discovery."""
critical-thinking,course-assets/critical-thinking/critical-thinking.mp4,teaching point,16,The research institute was just a website,RICH,1:41.98-1:46.74,"""The supposed research institute backing the study was nothing more than a fabricated website."""
critical-thinking,course-assets/critical-thinking/critical-thinking.mp4,teaching point,17,Author was a journalist proving a bad study with a great headline flies around the world before anyone checks; it did,RICH,1:47.64-1:57.72,"""The true author was a journalist. He orchestrated the entire stunt to prove that bad science wrapped in a highly appealing headline will spread globally before anyone verifies the facts."" (""It did."" not spoken as its own beat; the worldwide spread was established at 0:46.72)"
critical-thinking,course-assets/critical-thinking/critical-thinking.mp4,teaching point,18,"Read between the lines, especially when the claim is something you'd love to believe",TAUGHT,1:58.49-2:06.38,"""Critical thinking requires the ability to read between those lines, particularly when our desires make us vulnerable to confirmation bias."""
critical-thinking,course-assets/critical-thinking/critical-thinking.mp4,teaching point,19,Five habits to sharpen critical thinking; each one is a question you ask,RICH,2:07.76-2:14.18,"""This board outlines five habits you can build to sharpen your thinking. Every single one functions as a direct question."""
critical-thinking,course-assets/critical-thinking/critical-thinking.mp4,teaching point,20,Habit 1 Is it actually right? What evidence supports the claim? Does it support the conclusion?,RICH,2:15.16-2:22.46,"""Habit one. Is it actually right? You check what evidence supports the claim and verify if that evidence genuinely aligns with the conclusion."""
critical-thinking,course-assets/critical-thinking/critical-thinking.mp4,teaching point,21,Habit 2 Do I know enough to judge? Recognize where your knowledge ends; find out what you need to understand,RICH,2:23.02-2:31.00,"""Habit two. Do I know enough to judge? You have to recognize the limits of your own knowledge and identify exactly what you still need to learn."""
critical-thinking,course-assets/critical-thinking/critical-thinking.mp4,teaching point,22,Habit 3 What's missing? Look for missing information and other explanations,THIN,2:31.58-2:37.26,"""Habit three. What's missing? You actively hunt for omitted information or alternative ex..."" The word ""explanations"" is cut mid-word at 2:37.12 (speech energy stops abruptly, 0.42 s near-digital silence, then ""Fourth."" at 2:37.68). The other-explanations half never reaches the viewer."
critical-thinking,course-assets/critical-thinking/critical-thinking.mp4,teaching point,23,"Habit 4 Why am I convinced? Evidence, confident wording, or what you want to believe?",RICH,2:37.26-2:45.62,"""Fourth. Why am I convinced? Question your own motives to see if you are swayed by hard evidence, confident wording, or wishful thinking."""
critical-thinking,course-assets/critical-thinking/critical-thinking.mp4,teaching point,24,Habit 5 What's my call? Decide what to believe or do; you can change your mind when you learn more,RICH,2:46.42-2:53.82,"""And fifth. What's my call? Finally, you decide what to believe or do, keeping the flexibility to change your mind when you learn more."""
critical-thinking,course-assets/critical-thinking/critical-thinking.mp4,teaching point,25,The five questions work on anything you read or hear; use them with AI too,TAUGHT,2:54.62-3:01.08,"""These five questions work on any information you consume. They are especially critical when you use artificial intelligence."""
critical-thinking,course-assets/critical-thinking/critical-thinking.mp4,teaching point,26,"AI can help you find a flaw in your thinking, or confidently repeat it. You need to judge which is happening.",RICH,3:02.26-3:08.16,"""AI can help you find a flaw in your thinking, or confidently repeat it. You need to judge which is happening."""
critical-thinking,course-assets/critical-thinking/critical-thinking.mp4,teaching point,27,Close pill: AI amplifies whatever you bring to it.,RICH,3:09.28-3:11.06,"""AI amplifies whatever you bring to it."""
critical-thinking,course-assets/critical-thinking/critical-thinking.mp4,teaching point,28,"Close sticky: Good thinking in, sharper output.",RICH,3:11.82-3:13.02,"""Good thinking in, sharper output."""
critical-thinking,course-assets/critical-thinking/critical-thinking.mp4,hard requirement,1,"Verbatim ""Be Smarter Than the Tool.""",MET,0:38.38,"""Be smarter than the tool."""
critical-thinking,course-assets/critical-thinking/critical-thinking.mp4,hard requirement,2,"Verbatim ""It isn't 'don't trust anything,' either. It's the habit of asking what would have to be true for a claim to hold up.""",MET,0:40.34-0:46.52,"""It isn't don't trust anything either. It's the habit of asking what would have to be true for a claim to hold up."""
critical-thinking,course-assets/critical-thinking/critical-thinking.mp4,hard requirement,3,"Verbatim ""Slim by Chocolate!""",MET,0:58.40-0:59.40,"""slim by chocolate."" (exclamation cadence not verifiable by transcript)"
critical-thinking,course-assets/critical-thinking/critical-thinking.mp4,hard requirement,4,"Verbatim ""Sounds great. I believe it.""",MET,1:03.22-1:04.80,"""Sounds great. I believe it."""
critical-thinking,course-assets/critical-thinking/critical-thinking.mp4,hard requirement,5,"Verbatim ""Wait. What's behind the claim?""",MET,1:08.94-1:10.56,"""Wait. What's behind the claim?"""
critical-thinking,course-assets/critical-thinking/critical-thinking.mp4,hard requirement,6,"Verbatim ""With that many measurements in such a small group, a chance result could look like an important discovery.""",MET,1:35.34-1:40.48,spoken word for word
critical-thinking,course-assets/critical-thinking/critical-thinking.mp4,hard requirement,7,"Verbatim ""AI can help you find a flaw in your thinking, or confidently repeat it. You need to judge which is happening.""",MET,3:02.26-3:08.16,spoken word for word
critical-thinking,course-assets/critical-thinking/critical-thinking.mp4,hard requirement,8,"Closing line 1 ""AI amplifies whatever you bring to it.""",MET,3:09.28-3:11.06,spoken word for word
critical-thinking,course-assets/critical-thinking/critical-thinking.mp4,hard requirement,9,"Closing line 2 ""Good thinking in, sharper output."" last, nothing spoken after",MET,3:11.82-3:13.02,spoken word for word; no speech from 3:13.02 to end of file 3:17.83
critical-thinking,course-assets/critical-thinking/critical-thinking.mp4,hard requirement,10,Never say probability guarantees/dictates/ensures/makes a false result inevitable,MET,1:35.34,"only ""a chance result could look like an important discovery"" is spoken; ""dictates"" at 0:10.14 is about your results, not probability"
critical-thinking,course-assets/critical-thinking/critical-thinking.mp4,hard requirement,11,"Teach all five habits by name, in order, each with its complete Markdown explanation; none reduced to a label",MISSED,2:31.58-2:37.26,"Habits 1, 2, 4, 5 complete and in order; Habit 3 ""You actively hunt for omitted information or alternative ex..."" is cut mid-word, so ""other explanations"" is not delivered"
critical-thinking,course-assets/critical-thinking/critical-thinking.mp4,hard requirement,12,"Open directly with knowledge plus critical thinking; no title card, welcome, or preview",MET,0:00.00-0:04.38,"""This graphic lays out a basic equation for how we process information."" (no welcome; the sum is stated at 0:32.86)"
critical-thinking,course-assets/critical-thinking/critical-thinking.mp4,hard requirement,13,Board 2 content taught in one uninterrupted span,MET,1:00.68-1:16.30,"claim via headline, both reactions, and the pause rule run without interruption; the real board is on screen 0:57.0-1:17.5"
critical-thinking,course-assets/critical-thinking/critical-thinking.mp4,hard requirement,14,"Avoid methodology, framework, capabilities, optimize, systematic, operational, strategic",MET,whole file,none of the seven words is spoken
critical-thinking,course-assets/critical-thinking/critical-thinking.mp4,hard requirement,15,"Never ask the viewer to pause, guess, or answer; answer each lesson question immediately",MET,2:15.16-2:53.82,"each habit question is answered at once; ""force yourself to pause"" at 1:10.78 is the lesson's claim rule, not a video-pause instruction"
critical-thinking,course-assets/critical-thinking/critical-thinking.mp4,hard requirement,16,"Do not invent facts, examples, or statistics",MET,whole file,"numbers 2015 / 15 / 18 correct; additions are wording only (""confirmation bias"", ""fabricated website"", ""He"")"
critical-thinking,course-assets/critical-thinking/critical-thinking.mp4,hard requirement,17,"Tell the chocolate story: 15 participants, 18 measurements, institute a website, journalist proving the point",MET,1:17.12-1:57.72,all four story facts spoken with correct numbers
critical-thinking,course-assets/critical-thinking/critical-thinking.mp4,addition,1,"""confirmation bias"" named at 1:58.49-2:06.38 as the reason wishful claims slip past us; accurate, not in the lesson; a possible one-word lesson addition",,1:58.49-2:06.38,"""particularly when our desires make us vulnerable to confirmation bias."""
critical-thinking,course-assets/critical-thinking/critical-thinking.mp4,addition,2,"Knowledge beat adds ""in a text or a prompt"" as where something doesn't add up; accurate, harmless",,0:15.66-0:21.14,"""recognize when something in a text or a prompt doesn't add up."""
critical-thinking,course-assets/critical-thinking/critical-thinking.mp4,addition,3,"Story beat adds ""fabricated website"" and identifies the journalist as ""He""; both accurate (the 2015 stunt author was John Bohannon), not in the lesson",,1:41.98-1:57.72,"""nothing more than a fabricated website."" / ""He orchestrated the entire stunt"""
critical-thinking,course-assets/critical-thinking/critical-thinking.mp4,source_qa,1,"PASS: live page, Markdown, and boards agree; Markdown carries every page teaching point (page bullets = Markdown paragraph); no lesson error found",,,n/a
critical-thinking,course-assets/critical-thinking/critical-thinking.mp4,editing note,1,"Audio defect: ""explanations"" truncated at 2:37.12; RMS envelope shows speech stopping abruptly (4600 -> 56 in 40 ms) then 0.42 s near-digital silence before ""Fourth."" at 2:37.68. Repair donor in this file: ""alternative explanations"" 0:28.66-0:29.96 (1.30 s), same voice, under the five-habits course board (on screen 2:08.0-3:01.5), so the board leg can stretch ~0.4 s to keep a natural pause",,2:36.30-2:37.68,"""or alternative ex..."" -> ""or alternative explanations"""
critical-thinking,course-assets/critical-thinking/critical-thinking.mp4,editing note,2,"Donor caveat: 0:28.66-0:29.96 is mid-sentence (""...alternative explanations before you decide...""), so its pitch is non-final; cut at the ""explanations""/""before"" boundary 0:29.96 (no silence there, ~0.9 s continuous speech). Needs an ear test after the splice; no sentence-final ""explanations"" exists in the file",,0:28.66-0:29.96,"""consider alternative explanations before"""
critical-thinking,course-assets/critical-thinking/critical-thinking.mp4,editing note,3,"Deictic references: ""This diagram illustrates the primary flaw in the data"" at 1:23.80 sits over Notebook's own drawing (no course board 1:17.5-2:08.0); keep that drawing or the phrase dangles. ""This graphic"" 0:00 and ""This board"" 2:07.76 land on the equation and five-habits boards",,1:23.80-1:26.72,"""This diagram illustrates the primary flaw in the data."""
critical-thinking,course-assets/critical-thinking/critical-thinking.mp4,editing note,4,"Habit labels inconsistent: ""Habit one/two/three"" then ""Fourth."" and ""And fifth."" Harmless; not a repair",,2:37.26 / 2:46.42,"""Fourth."" / ""And fifth."""
critical-thinking,course-assets/critical-thinking/critical-thinking.mp4,editing note,5,"""publish"" at 0:50.96 may be ""published""; transcript-only, unresolved by ear; no teaching effect",,0:50.96,"""news outlets around the world publish stories"""
critical-thinking,course-assets/critical-thinking/critical-thinking.mp4,editing note,6,"Tail: last word 3:13.02, close board 3:09.5-3:17.83; ~4.8 s silent tail is normal",,3:13.02-3:17.83,silence
critical-thinking,course-assets/critical-thinking/critical-thinking.mp4,editing note,7,Materials: Markdown matches the page; no materials bug to fix before a reroll,,,n/a
