teaching_point,roll_1,roll_2,roll_3,take
Opening: capabilities + basketball + "AI also learns through repeated attempts. Let's follow the process...",RICH 0:00-0:19.4 word for word,"THIN verbatim: paraphrased (""organic chemistry, Python scripts""; ""Let's walk through how this happens"")",RICH 0:00-0:22.9 (adds "Modern/complex/functional"; verbatim line MET 0:15.8),roll 3 (its drawings are better; the additions are harmless)
Before Training Starts: setup + starting numbers + all seven kinds of data,RICH 0:20.3-0:40.9 word for word with all seven,"TAUGHT 0:27.0 (""books, websites, code, and media"") + added ""You need both of these elements..."" summary","TAUGHT 0:23.7-0:42.1, four kinds (""books, websites, code, and media"")",roll 1 (graft under the board)
Three Phases: basketball question + each phase's one-line role,RICH 0:42.3-1:00.3 (then invents 1:01.6-1:10.5 summary),"TAUGHT 0:52.6-1:11.2 (""human feedback"")",MISSING: says "three main phases" + the question but never names the phases or their roles; adds "blank system transforms into a highly capable assistant",roll 1 (graft under the board; its invented summary is not taken)
"Across all three phases... Here's a simple example.",MET 1:11.5,"MISSED (""Across pre-training, instruction tuning, and preference tuning, the model is constantly running one basic loop"")",MET 0:59.96,roll 3
Loop example: peanut butter / cloud / jelly / adjust / repeat,"RICH 1:22.8 (""Tweak internal numbers to make jelly more likely""; drops ""in this situation"")","RICH 1:37 but ""This diagram breaks down the mechanics of the loop""",RICH 1:12.4-1:35.9 incl. "in this specific situation",roll 3
"Those adjustments change... called weights. Now, let's look at... pretraining.",MET 1:42.6,"MISSED (""Those internal numbers... are called weights. Adjusting those weights millions of times..."")",MET 1:36.6-1:44.0,roll 3
Pretraining: scale (1,000 lifetimes),MISSING,"TAUGHT 2:23.4 but ""This slide explains that...""",RICH 1:44.8,roll 3
Pretraining: patterns + abilities (write sentences / explain ideas / produce code) + broad foundation,"TAUGHT 1:49.9 ""builds a foundation... The model learns language patterns to write and explain ideas.""",TAUGHT 2:28.8 (foundation; no abilities),"THIN 1:49.9 ""learns broad patterns in language and information."" (no abilities, no foundation)",roll 3 + optional roll 1 sentence (see edit plan C)
Pretraining sample answer read in full,"WRONG: paraphrased (""an answer looks like the basketball shot is a fundamental skill"")",RICH 2:41.6-2:46.2 word for word,"WRONG as is: 2:03.8-2:18.8 invents three more 'answer' sentences + commentary inside the quote, then 'In this guide, we will cover...'",roll 3 with the invented span cut (plan B); roll 2 is the fallback donor
Pretraining: what still needs work,"TAUGHT (+ ""rambling block of words"")","RICH 2:49.8 + accurate addition ""it is just continuing a pattern it recognized in the data""",RICH 2:21.9 word for word,roll 3
"Training keeps adjusting the model's weights..." bridge,MET 4:06.4,MISSED,MET 2:27.0,roll 3
Instruction tuning: example pairs + weight adjustments,TAUGHT,"TAUGHT (""Humans now provide""; ""This slide shows"")",RICH 2:38.5-2:48.4,roll 3
Instruction sample answer read in full,"WRONG: shortened (""square your feet, bend knees, and push up"")",RICH 3:22.7 word for word,RICH 2:53.1 word for word,roll 3
Instruction: what still needs work,TAUGHT,TAUGHT (adds "dry"),RICH 2:59.4 word for word,roll 3
"Following instructions is a start..." bridge,MET 4:35.3,MISSED,MET 3:05.9,roll 3
Preference tuning: compare + select + weight adjustments,TAUGHT,TAUGHT,RICH 3:13.8-3:27.7,roll 3
Preference sample answer read in full,"WRONG: two sentences only",THIN: stops at "and so on",RICH 3:31.7-3:44.9 word for word,roll 3
"Feedback helps improve the answers, but AI can still give a wrong answer that sounds right.","MISSED (""Feedback helps, but AI can still give wrong answers"")","MISSED (""AI operates on probability..."")",MET 3:47.8,roll 3
When training ends: ready to use + chat uses trained weights,"TAUGHT (+ ""The intensive lab process is over"")","TAUGHT (""finalized and deployed""; ""locked in"")",TAUGHT 3:52.8-4:00.3,roll 3
"It can work with new information you give it, but your conversation does not change those weights.",MET 5:15.7,MISSED,MET 4:01.2 (prefixed "During a normal chat,"),roll 3
"AI learns from examples and feedback." / "Guess. Check. Adjust. Repeat.","MISSED (""Ultimately, ..."" / ""The process is simply ..."")",MET 5:05.9-5:11.2,"MET 4:07.3-4:12.5; 'Repeat.' comes after a 0.65 s gap and is short (0.4 s): ear check",roll 3 (roll 2 is the fallback donor)
Other defects,"AUDIO LOOP: 1:58.8-3:43 replays the whole opening through the pretraining intro (about 105 s) under the Pretraining board",'This diagram'/'This slide' x3; 'human feedback'; 'millions of times',none beyond the above,
