step,role,source,src_start,src_end,words_or_picture,note
1,audio+picture,roll 3,0:00.00,0:23.30,"Opening through ""...a model that is ready to use.""",Roll 3's own flask/code/essay + player + shot + ball-rack drawings stay
2,audio (GRAFT A),roll 1,0:20.10,1:00.90,"""Two things happen before training starts."" ... ""Phase three is preference tuning, improve responses through feedback.""","Replaces roll 3 0:23.30-0:59.50. Word for word Before Training Starts (all seven data kinds) + all three phase names. Roll 1's invented summary 1:01.6-1:10.5 is NOT taken. Levels match (-19.7 vs -19.7 dBFS speech). Seams: roll 3 quiet 22.90-23.86 / roll 1 quiet 19.44-20.53; roll 1 quiet 60.41-61.48 / roll 3 quiet 58.85-59.96. Audition: A1, A2"
2a,picture,board,(graft) 0:20.1,0:41.0,Before Training Starts,"full view, then Set Up the System ring, then Gather the Data ring (~21 s)"
2b,picture,roll 2 donor,0:05.90,0:09.43,"desk student + basketball court split drawing (hold settled frame)","under ""Training builds different abilities in three main phases. We'll use the basketball question..."" (~6 s)"
2c,picture,board,(graft) 0:48.4,1:00.9,Three Phases of Training,"compact; question ring, then Phase 1/2/3 cards as spoken (~12.5 s)"
3,audio,roll 3,0:59.50,1:15.60,"""Across all three phases..."" through ""...language and information.""",
3a,picture,live donor,0:09.53,0:19.00,"basketball Aim & Force try-1 / adjusted drawing (used in v8)","under ""Across all three phases... guess, check, and adjust. What changes is..."" to ~1:10.2 (hold settled frame)"
3b,picture,board,1:10.20,1:33.80,The Training Loop,"arrives at ""Here is a simple example""; Guess / Check / Adjust rings as spoken (~23.6 s, flagged: one worked example, the rings keep moving)"
3c,picture,roll 3 own,0:15.83,0:23.77,ball-rack drawing (second showing),"under ""Then, the loop runs again on the next example."" 1:33.8-1:36.7"
3d,picture,roll 3 own,1:36.77,1:44.77,control-panel drawing (in place),"under the weights sentence + ""Now, let's look at... pre-training."" Paper-craft style: flag"
3e,picture,board,1:44.77,1:56.00,1 · Pretraining,"full view, then What Pretraining Builds (~11 s; ~15 s with optional C)"
C (optional),audio,roll 1,1:54.10,1:57.90,"""The model learns language patterns to write and explain ideas.""","inserted after roll 3 1:55.60. Restores the abilities (the lesson's 'write sentences, explain ideas'), but repeats 'learns patterns' one sentence later. Audition: C. David's call"
4,audio,roll 3,1:56.00,2:03.45,"""After this phase, here is what an answer might look like for our basketball question. The basketball shot is one of the most fundamental skills in the sport.""",
4a,picture,roll 2 donor,0:09.43,0:16.23,ball bouncing off the rim drawing,"under ""After this phase, here is what an answer might look like..."" 1:56.0-1:59.9"
4b,picture,board,1:59.90,2:03.45,1 · Pretraining,What an Answer Might Look Like section
5,CUT,roll 3,2:03.45,2:19.30,"invented ""In order to shoot a basketball properly... can be improved. It is learned to produce coherent sentences, but the answers are usually very general.""","-15.85 s. Joins ""...in the sport."" to roll 3's own ""In this guide, we will cover..."" so the quote is word for word. Quiet 123.13-123.79 / 138.79-139.63. Audition: B. Fallback if the join sounds wrong: roll 2 2:41.6-2:46.2 full quote"
6,audio,roll 3,2:19.30,2:26.50,"""In this guide, we will cover..."" + ""The model can produce fluent text, but it doesn't reliably follow your instructions yet.""",board: answer section then What Still Needs Work
6a,picture,roll 1 donor,4:01.27,4:06.23,student frustrated at a laptop full of scrambled text,"under the limitation sentence 2:21.8-2:26.0 (flag: covers the What Still Needs Work ring; alternative = keep the board)"
7,audio,roll 3,2:26.50,3:52.50,"""Training keeps adjusting..."" through ""...a wrong answer that sounds right.""",
7a,picture,live donor,0:25.00,0:28.87,Internal Weights diagram (settled hold; 'Optimal Output' label already accepted in v8),"under ""Training keeps adjusting the model's weights. What changes in the next phases..."" 2:27.0-2:34.7"
7b,picture,board,2:35.40,2:49.20,2 · Instruction Tuning,"full view, then Learn to Follow Instructions (~13.8 s)"
7c,picture,roll 3 own,0:11.10,0:15.83,ball arcing into the hoop drawing (second showing),"under ""After instruction tuning, the model attempts to answer the prompt directly."" 2:49.3-2:52.5"
7d,picture,board,2:52.50,3:05.00,2 · Instruction Tuning,answer section then What Still Needs Work (~12.5 s)
7e,picture,roll 2 donor,0:00.00,0:05.90,student thinking at a desk (flask / code / essay),"under ""Following instructions is a start... That's preference tuning."" 3:05.9-3:13.5"
7f,picture,board,3:13.50,3:28.50,3 · Preference Tuning,"full view, then Learn from Feedback (~15 s)"
7g,picture,roll 1 donor,5:01.47,5:07.53,smiling student at a laptop,"under ""After preference tuning, the response is highly polished."" 3:28.5-3:31.5"
7h,picture,board,3:31.50,3:52.50,3 · Preference Tuning,answer section (read in full) then What Still Needs Work (~21 s)
8,audio+picture,roll 3,3:52.50,4:07.20,"""When training ends..."" through ""...does not change those weights.""","Roll 3's own drawings (student at laptop, laptop, hands typing a chat). board_spans' 1.5 s 'pretraining' hit at 3:53.5 is a false match (checked: it is the drawn student)"
9,audio+close,roll 3,4:07.20,end,"""AI learns from examples and feedback. Guess, check, adjust. Repeat.""","standard close card. 'Repeat.' is 0.4 s after a 0.65 s gap: ear check (audition D). Fallback: roll 2 5:05.6-5:13.5 (audition D-alt)"
