point,roll1,roll1_quote,roll2,roll2_quote,roll3,roll3_quote,take
Hook: AI takes on almost anything,TAUGHT,"0:00 writing, planning, coding, researching, even drawing",WRONG,"0:00 audio starts mid-sentence: writing, planning, summarizing, or coding.",TAUGHT,"0:00 write an essay, plan a schedule, build code, or draw an image",roll 3
Can try is not built for,TAUGHT,0:08 just because AI can try a task doesn't mean it is built for it,TAUGHT,0:05 a task an AI can try is not the same as a task it is built for,TAUGHT,0:08 what an AI can try to do is entirely different from what it is actually built for,roll 3
Course story lead-in,TAUGHT,0:13 We saw this first hand when we built this course,TAUGHT,0:11 We saw this first hand building this course,META,0:13 This graphic shows the results of an experiment we ran while building this exact course,roll 2 (graft G1)
Course story A+,TAUGHT,0:15 AI coded every page and interaction… A plus,TAUGHT,0:22 The AI earned an A plus for the course code,TAUGHT,"0:18 AI successfully wrote the code for every page, earning an A+",roll 3
Course story C-,TAUGHT,0:21 first drafts of the lessons… C minus,TAUGHT,0:25 first drafts of the lessons… C minus,TAUGHT,"0:22 when asked to draft actual lessons, it scored a C-minus",roll 3
Why the C- (three faults),THIN,"0:42 The AI gave us drafts, but they lacked flow",RICH,"0:29 wrong order, added explanations that missed what we meant, no real feel for how a lesson should flow",RICH,"0:27 missed our intent, arranged points in the wrong order, and lacked a logical flow",roll 3
Same AI. Different jobs. Different results.,MET,0:48,MET,0:37,MET,0:48,roll 3
Gap: button test vs lesson,RICH,0:29-0:42,TAUGHT,0:40 perfectly test a digital button… organically order ideas,RICH,0:32-0:43,roll 3
Drafts not good enough; we decided,TAUGHT,0:45 We had to step in and decide what needed to change,RICH,0:47 not good enough to use… decide what worked and what needed to change,RICH,0:37-0:48 drafts weren't good enough to use… decide what worked and what needed to change,roll 3
Bridge: four strengths / shapes,TAUGHT,0:57 Here are four strengths where AI excels,TAUGHT,0:59 four specific strengths you can put to work,TAUGHT,0:51 the four specific shapes of work it is actually strongest at handling,roll 3
Reshape name as printed,THIN,"1:00 First, reshaping your material",MET,1:02 The first strength is reshape your material,MET (hitched),0:59 This slide details the first strength. Re-shape your material,roll 2 (graft G2)
Reshape why,TAUGHT,1:02,TAUGHT,1:05,TAUGHT,1:03,roll 3
Reshape what,TAUGHT,1:06,TAUGHT,1:15,TAUGHT,1:09,roll 3
Reshape examples,RICH,1:15 four of four,TAUGHT,1:20 three of four,TAUGHT,1:16 three of four (translate absent),roll 3
Your material. A more useful form.,MISSED,"1:28 The ideas belong to you, your material just in a more useful form",MET,1:27 Your material? A more useful form,MISSED,1:27 It's your material just in a more useful form,roll 2 (graft G3; ear test the lilt)
Explore name as printed,THIN,1:33 exploring possibilities,MET,1:31,MET,1:31,roll 3
Explore why (many examples),TAUGHT+count,1:36 millions of examples,TAUGHT+count,1:33 thousands of examples,TAUGHT+count,1:34 millions of ideas and examples,roll 3 (optional phrase cut)
Explore what,TAUGHT,1:42 ask for more of what interests you absent,THIN,1:43 act as a brainstorming partner,RICH,"1:40 several approaches; react; ask for variations; decide which are worth taking further",roll 3
Explore examples,RICH,1:50 four of four,TAUGHT,1:47 three of four,TAUGHT,1:50 four (event ideas for fundraiser),roll 3
More possibilities. You choose the direction.,MET,2:03 spoken twice then You choose the direction,MET+clause,"1:54 …You choose the direction, acting as the editor",NEAR,1:59 It gives you more possibilities. You choose the direction,roll 1 (graft G4)
Find name as printed,THIN,2:09 finding what matters,MET,1:58,MET,2:04,roll 3
Find why,TAUGHT,2:12,TAUGHT,2:01 (odd: tell you which parts are unique),TAUGHT,2:08,roll 3
Find what,TAUGHT,2:19,TAUGHT,2:16,TAUGHT,2:15,roll 3
Find examples,RICH,2:27 four of four,TAUGHT,2:24 three of four,RICH,2:21 four of four,roll 3
A lot to read. A clearer place to focus.,MISSED,"2:41 A lot to read, a clear place to focus",MISSED,2:29 A clearer place to focus,MET,2:34,roll 3
Problems name as printed,MISSED,2:44 helping you problem solve,MET,2:31,MET,2:37,roll 3
Problems why verbatim line,MISSED,2:47 drops worked through problems,MET,2:34 verbatim,MISSED,2:40 drops worked through problems,roll 2 (graft G5)
It learned patterns it can apply to new problems,MISSING,,MISSING,,MISSING,,none (accept or add to a future VERBATIM list)
Problems what,TAUGHT,"2:52 accomplish, what you know, in your way; steps; compares approaches",THIN,2:43 goal + in the way; steps,THIN,2:46 accomplish + obstacle; sounding board; steps,roll 1 (graft G6)
You decide what makes sense,TAUGHT,3:12 AI organizes the logic but doesn't make the final choice,TAUGHT,2:53 you validate the final logic,MISSING,,roll 1 (graft G6)
Problems examples,RICH,3:01 four of four,TAUGHT,2:49 three of four,RICH,2:54 four of four (lesson wording),roll 1 (in G6; alt: keep roll 3 with four seams)
Work through the pieces. Make your own call.,MET,3:15,MISSED,not spoken,MET,3:04,roll 1 (in G6)
Vast exposure: lifetime; kinds,RICH,"3:19 one underlying factor, vast exposure… six kinds",TAUGHT,2:58 vast exposure; four kinds,TAUGHT,3:07 a single underlying fact (term unspoken); five kinds,roll 1 (graft G7)
Fluent with common formats,TAUGHT,3:34 highly fluent in common human formats,TAUGHT+count,3:10 thousands of versions,TAUGHT+count,3:19 thousands of versions,roll 1 (graft G7)
Many examples help it get started,TAUGHT+count,3:37 Seeing millions of examples,RICH,3:24 Seeing many examples helps the AI get started,TAUGHT,3:24 This massive exposure makes the AI extremely good at getting a task started,roll 3
But it doesn't guarantee…,WRONG context,3:49 attached to Your knowledge is the only real safeguard,MET,3:28 verbatim,MET,3:28 verbatim,roll 3
Knowledge and judgment matter,THIN,3:47 Your knowledge is the only real safeguard,TAUGHT (banned word),3:36 framework… judgment must always remain with you,TAUGHT,3:33 you must apply your own judgment,roll 3
AI does some things better than others.,MET,3:53,MISSED,3:42 The AI does…,MISSED,"3:45 joined: …others, and can try is not built for",roll 1 (graft G8)
Can try is not built for.,MET,3:56,MET,3:44,MISSED,joined (see above),roll 1 (graft G8)
