seq,source,src_start_s,src_end_s,words,out_start,out_end,board_or_picture
A,roll3,0.00,13.50,hook through built for.,0:00.0,0:13.5,roll 3 drawings (essay/schedule/code/image cards)
G1,roll2,11.10,13.30,We saw this first hand building this course.,0:13.5,0:15.7,Board 1 whole card
B,roll3,17.90,59.10,AI successfully wrote the code… through …strongest at handling.,0:15.7,0:56.9,Board 1 rings A+ / C- ; breaks 27.13-43.53 (notebook+cards, button test, marked-up monitor); board for judgment + bar; bridge under code-monitor + four-strengths map
G2,roll2,62.50,65.10,The first strength is reshape your material.,0:56.9,0:59.5,Reshape whole card
C,roll3,63.20,87.60,AI fits this perfectly… through …plain language.,0:59.5,1:23.9,Reshape WHY/WHAT rings; break 75.97-87.97 study guide + to-do list; back for EXAMPLES ring
G3,roll2,87.50,90.00,Your material? A more useful form. (fallback roll3 87.62-90.70),1:23.9,1:26.4,Reshape bar ring
D,roll3,90.70,119.60,The second strength is explore possibilities… through …event ideas. (optional cut 95.30-96.08),1:26.4,1:55.3,Explore whole/WHY/WHAT; break 110.00-119.97 essay angles + club names map
G4,roll1,125.40,128.30,More possibilities. You choose the direction.,1:55.3,1:58.2,Explore bar ring
E,roll3,123.90,160.60,The third strength is find what matters… through …work through problems.,1:58.2,2:34.9,Find whole/WHY/WHAT; break 141.90-154.57 textbook/scholarship/articles cards; Find bar; Problems whole card at the name
G5,roll2,154.10,160.20,During training AI saw many examples of how people connected ideas worked through problems and found solutions.,2:34.9,2:41.0,Problems WHY ring
G6,roll1,172.50,198.10,Tell AI what you're trying to accomplish… through …make your own call.,2:41.0,3:06.6,Problems WHAT ring; break: roll3 trip/code cards (~180-184.93) + colleges/experiment cards (184.93-187.57 extended); WHAT ring for doesn't-make-the-final-choice; bar
G7,roll1,198.80,217.10,All four of these strengths exist… vast exposure… common human formats.,3:06.6,3:24.9,roll 3 ingestion map + fluency mechanism (187.57-~204.4) with the invented-figures banner frames covered
F,roll3,204.40,219.60,This massive exposure… context and accuracy.,3:24.9,3:40.1,roll 3 rapid-draft + human-judgment drawings in sync
G8,roll1,233.30,238.10,AI does some things better than others. Can try is not built for.,3:40.1,3:44.9,standard close board + motion
