lesson,board,appearances,total_seconds,longest_uninterrupted_seconds
work-with-ai-opener,work-with-ai-opener-refrain,1,19.5,19.5
work-with-ai-opener,work-with-ai-opener-same-tool,1,12.5,12.5
work-with-ai-opener,work-with-ai-opener-section-map,4,42.5,15.5
work-with-ai-opener,work-with-ai-opener-close,1,11.4,11.4
ai-is-different,ai-is-different-rules,1,26.5,26.5
ai-is-different,ai-is-different-learn-once,1,35.5,35.5
ai-is-different,ai-is-different-rules-vs-patterns,1,46.5,46.5
ai-is-different,ai-is-different-structured,2,19.5,13.0
ai-is-different,ai-is-different-weak-spots,1,42.0,42.0
ai-is-different,ai-is-different-close,1,8.97,8.97
where-ai-works-best,where-ai-works-best-built-this-course,1,42.0,42.0
where-ai-works-best,where-ai-works-best-reshape,1,35.5,35.5
where-ai-works-best,where-ai-works-best-explore,1,34.5,34.5
where-ai-works-best,where-ai-works-best-find,1,40.5,40.5
where-ai-works-best,where-ai-works-best-problems,1,39.5,39.5
where-ai-works-best,where-ai-works-best-close,1,12.6,12.6
your-home-base,your-home-base-big-three,1,68.5,68.5
your-home-base,your-home-base-home-base,1,12.0,12.0
your-home-base,your-home-base-how-we-used,1,43.5,43.5
your-home-base,your-home-base-close,1,10.43,10.43
questions-matter,questions-matter-answers-faster,1,56.0,56.0
questions-matter,questions-matter-value-lives,1,22.5,22.5
questions-matter,questions-matter-open-minded-and-specific,2,21.0,14.0
questions-matter,questions-matter-on-target-and-open-ended,2,21.0,12.5
questions-matter,questions-matter-close,1,8.93,8.93
art-of-prompting,art-of-prompting-good-question,1,28.0,28.0
art-of-prompting,art-of-prompting-four-moves,2,34.5,18.0
art-of-prompting,art-of-prompting-four-moves-continued,2,18.5,11.0
art-of-prompting,art-of-prompting-close,1,15.3,15.3
context-window,context-window-same-question,1,46.5,46.5
context-window,context-window-five-sources,1,21.5,21.5
context-window,context-window-head-start,1,58.0,58.0
context-window,context-window-outside-the-window,1,43.5,43.5
context-window,context-window-close,1,10.97,10.97
evaluate-the-results,evaluate-the-results-quick-pass,1,46.5,46.5
evaluate-the-results,evaluate-the-results-decide,1,42.5,42.5
evaluate-the-results,evaluate-the-results-dig,1,50.0,50.0
evaluate-the-results,evaluate-the-results-move,1,37.0,37.0
evaluate-the-results,evaluate-the-results-check-before-use,1,27.5,27.5
evaluate-the-results,evaluate-the-results-close,1,10.93,10.93
critical-thinking,critical-thinking-equation,1,47.5,47.5
critical-thinking,critical-thinking-two-reactions,1,20.5,20.5
critical-thinking,critical-thinking-five-habits,1,53.5,53.5
critical-thinking,critical-thinking-close,1,8.33,8.33
