lesson,board,start,end,seconds,kind,over_20s
work-with-ai-opener,work-with-ai-opener-refrain,0:00.0,0:19.5,19.5,content,False
work-with-ai-opener,work-with-ai-opener-same-tool,0:47.0,0:59.5,12.5,content,False
work-with-ai-opener,work-with-ai-opener-section-map,0:59.5,1:08.0,8.5,content,False
work-with-ai-opener,work-with-ai-opener-section-map,1:28.0,1:43.5,15.5,content,False
work-with-ai-opener,work-with-ai-opener-section-map,1:56.5,2:09.0,12.5,content,False
work-with-ai-opener,work-with-ai-opener-section-map,2:20.5,2:26.5,6.0,content,False
work-with-ai-opener,work-with-ai-opener-close,2:26.5,2:37.9,11.4,closing,False
ai-is-different,ai-is-different-rules,0:28.5,0:55.0,26.5,content,True
ai-is-different,ai-is-different-learn-once,1:02.0,1:37.5,35.5,content,True
ai-is-different,ai-is-different-rules-vs-patterns,2:11.0,2:57.5,46.5,content,True
ai-is-different,ai-is-different-structured,2:57.5,3:04.0,6.5,content,False
ai-is-different,ai-is-different-structured,3:10.5,3:23.5,13.0,content,False
ai-is-different,ai-is-different-weak-spots,4:11.0,4:53.0,42.0,content,True
ai-is-different,ai-is-different-close,5:13.5,5:22.5,8.97,closing,False
where-ai-works-best,where-ai-works-best-built-this-course,0:12.0,0:54.0,42.0,content,True
where-ai-works-best,where-ai-works-best-reshape,1:01.0,1:36.5,35.5,content,True
where-ai-works-best,where-ai-works-best-explore,1:36.5,2:11.0,34.5,content,True
where-ai-works-best,where-ai-works-best-find,2:11.0,2:51.5,40.5,content,True
where-ai-works-best,where-ai-works-best-problems,2:51.5,3:31.0,39.5,content,True
where-ai-works-best,where-ai-works-best-close,4:07.5,4:20.1,12.6,closing,False
your-home-base,your-home-base-big-three,1:13.0,2:21.5,68.5,content,True
your-home-base,your-home-base-home-base,2:35.5,2:47.5,12.0,content,False
your-home-base,your-home-base-how-we-used,3:05.0,3:48.5,43.5,content,True
your-home-base,your-home-base-close,3:48.5,3:58.9,10.43,closing,False
questions-matter,questions-matter-answers-faster,0:08.0,1:04.0,56.0,content,True
questions-matter,questions-matter-value-lives,1:04.0,1:26.5,22.5,content,True
questions-matter,questions-matter-open-minded-and-specific,1:59.5,2:13.5,14.0,content,False
questions-matter,questions-matter-open-minded-and-specific,2:22.5,2:29.5,7.0,content,False
questions-matter,questions-matter-on-target-and-open-ended,2:50.0,3:02.5,12.5,content,False
questions-matter,questions-matter-on-target-and-open-ended,3:15.5,3:24.0,8.5,content,False
questions-matter,questions-matter-close,3:34.0,3:42.9,8.93,closing,False
art-of-prompting,art-of-prompting-good-question,0:27.0,0:55.0,28.0,content,True
art-of-prompting,art-of-prompting-four-moves,1:05.0,1:21.5,16.5,content,False
art-of-prompting,art-of-prompting-four-moves,1:32.0,1:50.0,18.0,content,False
art-of-prompting,art-of-prompting-four-moves-continued,2:10.0,2:17.5,7.5,content,False
art-of-prompting,art-of-prompting-four-moves-continued,2:49.0,3:00.0,11.0,content,False
art-of-prompting,art-of-prompting-close,3:45.0,4:00.3,15.3,closing,False
context-window,context-window-same-question,0:11.0,0:57.5,46.5,content,True
context-window,context-window-five-sources,1:21.0,1:42.5,21.5,content,True
context-window,context-window-head-start,1:49.0,2:47.0,58.0,content,True
context-window,context-window-outside-the-window,2:49.5,3:33.0,43.5,content,True
context-window,context-window-close,4:14.5,4:25.5,10.97,closing,False
evaluate-the-results,evaluate-the-results-quick-pass,0:42.5,1:29.0,46.5,content,True
evaluate-the-results,evaluate-the-results-decide,1:29.0,2:11.5,42.5,content,True
evaluate-the-results,evaluate-the-results-dig,2:11.5,3:01.5,50.0,content,True
evaluate-the-results,evaluate-the-results-move,3:01.5,3:38.5,37.0,content,True
evaluate-the-results,evaluate-the-results-check-before-use,3:38.5,4:06.0,27.5,content,True
evaluate-the-results,evaluate-the-results-close,4:06.0,4:16.9,10.93,closing,False
critical-thinking,critical-thinking-equation,0:00.0,0:47.5,47.5,content,True
critical-thinking,critical-thinking-two-reactions,0:57.0,1:17.5,20.5,content,True
critical-thinking,critical-thinking-five-habits,2:08.0,3:01.5,53.5,content,True
critical-thinking,critical-thinking-close,3:09.5,3:17.8,8.33,closing,False
