lesson,title,runtime_seconds,content_appearances,appearances_over_20s,longest_single_content_seconds,longest_content_run_start,longest_content_run_end,longest_content_run_seconds,longest_run_including_close_seconds,narration_assessment,recommended_action
work-with-ai-opener,Work With AI — Opener,157.9,6,0,19.5,47.0,68.0,21.0,21.0,REROLL pending a verified repair,Try Fola repairs first
ai-is-different,AI Is Different,322.47,6,4,46.5,131.0,184.0,53.0,53.0,REROLL,Rebuild the narration before visual polish
where-ai-works-best,Where AI Works Best,260.1,5,5,42.0,61.0,211.0,150.0,150.0,REROLL pending a verified repair,Keep the core; add takeaways and break the board run
your-home-base,Your Home Base,238.93,3,2,68.5,73.0,141.5,68.5,68.5,KEEP — transcript assessment; listening outstanding,Retain narration; improve long board pacing
questions-matter,Questions Matter,222.93,6,2,56.0,8.0,86.5,78.5,78.5,KEEP — transcript assessment; listening outstanding,Retain narration and later visual pattern; repair early hold
art-of-prompting,The Art of Prompting,240.3,5,1,28.0,27.0,55.0,28.0,28.0,REPAIR candidate — cuts need audition,Small narration cleanup; preserve most of the edit
context-window,Context Window,265.47,4,4,58.0,109.0,167.0,58.0,58.0,KEEP — transcript assessment; listening outstanding,Preserve teaching; improve holds and consider precision cleanup
evaluate-the-results,Evaluate the Results,256.93,5,5,50.0,42.5,246.0,203.5,214.43,REROLL pending a verified repair,First visual repair priority; try Fola for naming and takeaways
critical-thinking,Critical Thinking,197.83,3,3,53.5,128.0,181.5,53.5,53.5,Verdict withheld at one uncertain audio defect,Listen at 2:37; repair only if the cut is real
