requirement,roll_1,roll_2,roll_3,best_source
"Explain the second paragraph in simpler terms.","MISSED (0:45 ""If dense, ask the AI to explain it"")","PARAPHRASE (0:54 ""explain that specific paragraph in simpler terms"")","MET 0:58.3",roll 3
"How much is riding on it?","MET 1:23.8 (whisper hears ""writing"" p=0.62; ear check)","MET 1:50.5 (""writing"" p=0.34; ear check)","MET 1:52.4 ""Ask yourself how much is riding on it."" (""writing"" p=0.59; ear check)",roll 3
"You decide whether the answer holds up. (no ""final arbiter"")","PARAPHRASE 2:41 ""You must make the final decision on whether the answer holds up""","FAIL 3:24 ""you hold the sole authority… holds up to reality"" (arbiter flavor)","MET 2:55.2",roll 3
"Check the Sources (name)","MET 1:54.5","MISSED (""ask the AI to provide its sources"")","MET 2:08.4 ""You can check the sources.""",roll 3
"Challenge the Answer (name)","MET 2:09","MET 2:34.5","MET 2:16.2",roll 3
"Ask What's Missing (name)","MISSED (paraphrase)","MISSED (paraphrase)","MET 2:24.1",roll 3
"Search the Live Web (name)","INFLECTED 2:19 ""ask it to search the live web""","INFLECTED 2:57.8","MET 2:32.8",roll 3
"Check It Yourself (name)","MET 2:24.3","MISSED (""bypass the AI completely"")","MET 2:40.3 ""Or check it yourself.""",roll 3
"Right vs good enough","MET","MET","MET 0:30.8",roll 3
"Check in proportion to stakes","MET","MET","MET 1:43-2:00",roll 3
"Use / Fix / Walk away","ORDER SWAPPED (use, walk, fix)","MET","MET 3:02.5-3:22.7",roll 3
"Then check the revised answer before you use it.","PARAPHRASE 3:10","PARAPHRASE 3:45","MET 3:12.2 verbatim",roll 3
"Scholarship: March 1 vs official page AND school calendar Feb 15","MET 3:16-3:31 (both sources named)","PARTIAL (""official calendar"" merges the two)","PARTIAL 3:38.6 ""the official sources state…""",roll 1 graft 206.46-212.04
"Decision: fix it","MET","MET","MET 3:42.7",roll 3
"The answer is not the evidence.","PARAPHRASE ""is not evidence in itself""","PARAPHRASE ""is not evidence""","MET 3:47.6 verbatim",roll 3
"Close 1: The tool answers. You evaluate.","PARAPHRASE ""provides the answers, but you evaluate them""","MET 4:28.84-4:31.26 (after ""As this banner shows,"")","MISSED (ends ""human oversight must dictate the final result"")",roll 2 graft 268.84-271.26
"Close 2: Read. Understand. Validate.","PARTIAL (inside ""Before you use any AI output, read…""; ""read"" p=0.14)","MISSED (""always read, understand, and validate the results"")","MISSED at the end; spoken as three statements at 1:14.22-1:16.10",roll 3 reuse 74.22-76.10
"Nothing after the close","FAIL (adds ""requires active management"")","FAIL (adds ""own the outcome"")","FAIL (adds ""Remember this critical rule…"")",cut in edit
"Drawings break the board run","MET: popcorn/stethoscope, browser+hyperlinks, magnifier on highlighted text, math notebook, rewrite prompt, Official Program/School Calendar Feb 15","MET: read/understand/validate icons, film reels vs scholarship, person checking monitors, ""What important information did you leave out?"" chat, code+notepad math, hand revising a draft","FAIL: boards continuous 0:34.6-3:22.8 (168 s); one drawing (woman at computer 3:22.8)",rolls 1-2 as picture donors
"Avoid","2:35-2:45 AI-system diagram invents Oct 15 / Nov 01 dates; 3:08 ""Quality Assurance""","2:08 certificate; 3:24 VERIFIED stamp; filler lines (""filter"", ""simplifies complex topics"")","0:36-0:42 ""mandatory baseline steps… utilize""; 3:22.7 ""Your evaluation dictates…""",
verdict,"REROLL alone (two names missed, order swapped, close paraphrased); best picture donor","REROLL alone (three names missed, arbiter-flavored line, 4:45 with filler); donor for close line 1 + pictures","REPAIR — base",
