step,out_role,source,src_start,src_end,words_or_picture,note
1,audio+picture,roll 3,0:00.00,0:34.30,"Opening through ""Is it right? And is it good enough for what I need?""","Notebook's own truth-vs-delivery, frowning-at-plan, failure cards, two-questions drawings stay"
2,board,roll 3 audio,0:34.30,0:36.20,"""Start with the quick pass.""",Quick Pass enters full view
3,CUT,roll 3,0:36.20,0:42.10,"""These are the three mandatory baseline steps you must perform before you utilize any AI output.""",voice (utilize/mandatory); ~5.9 s
4,board,roll 3 audio,0:42.10,0:44.00,"""Step one is to read.""",ring Read
5,cutaway,roll 3 picture 3:22.77-3:28.77,0:44.00,0:50.20,"""Read the complete answer… you take responsibility for what it says.""",woman reading at her computer (roll 3's only mid-lesson drawing; its native spot is cut in step 17)
6,board,roll 3 audio,0:50.20,1:08.20,"Understand + ""Explain the second paragraph in simpler terms."" + Validate",rings Understand (52.3) then Validate (61.2); 18 s
7,cutaway,roll 2 picture 1:11.93-1:17.20,1:08.20,1:12.20,"""Look closely for anything wrong, missing, or not useful.""",book / light bulb / checkmark icons
8,CUT,roll 3,1:12.20,1:14.10,"""This is your foundational rule.""",filler; ~1.9 s
9,board,roll 3 audio,1:14.10,1:16.90,"""Read. Understand. Validate.""",banner ring; pause 1 s after
10,board,roll 3 audio,1:16.90,1:26.10,"Decide: ""Some answers require more scrutiny… First, can you judge it?""",Decide board full view; ring Can You Judge It
11,cutaway,roll 2 picture 2:08.17-2:14.97,1:26.10,1:32.40,"""Compare the answer against what you know… you must keep checking.""",student checking notes against monitors
12,board,roll 3 audio,1:32.40,1:45.30,"What kind of task + ""Third, evaluate the stakes.""",rings task (1:32.4) and stakes (1:43.0); 12.9 s
13,cutaway,roll 2 picture 1:24.73-1:28.50 then roll 1 picture 1:23.93-1:28.67,1:45.30,1:52.30,"""Picking a movie is low stakes. A scholarship application or medical advice about an injury deserves far more care.""",film reels vs sealed scholarship document (to ~1:49) then popcorn vs stethoscope
14,board,roll 3 audio,1:52.30,2:00.40,"""Ask yourself how much is riding on it… Give the answer the attention it deserves.""",banner ring; pause 1 s after
15,board,roll 3 audio,2:00.40,2:10.20,"Dig: ""When an answer needs a closer look… You can check the sources.""","full view; ""You don't necessarily need all five"" kept; ring Check the Sources"
16,cutaway,roll 1 picture 1:54.53-2:02.30,2:10.20,2:16.20,"""Ask for sources, then open them. Does each source actually support the claim? Is it reliable?""",browser windows with hyperlinks
17,board,roll 3 audio,2:16.20,2:25.80,"""Challenge the answer… Ask what's missing.""",rings Challenge (2:16.2) and Missing (2:24.1)
18,cutaway,roll 2 picture 2:45.47-2:50.60 (+1.9 s last-frame hold),2:25.80,2:32.80,"""Ask AI what important information did you leave out? And decide if those omissions change your view…""",drawn chat bubble with the lesson's exact prompt
19,board,roll 3 audio,2:32.80,2:42.10,"""Search the live web… Or check it yourself.""",rings Search (2:32.8) and Check It Yourself (2:40.3)
20,cutaway,roll 2 picture 3:11.43-3:20.00,2:42.10,2:50.00,"""Find another way to verify… recalculate the numbers, test the code directly, or ask a human expert…""",code on laptop + hand checking numbers
21,board,roll 3 audio,2:50.00,2:57.80,"""Use AI to help you check… You decide whether the answer holds up.""",banner ring; pause 1 s after
22,board,roll 3 audio,2:57.80,3:08.80,"Move: ""…You can use it… You can fix it.""",full view; rings Use It (3:02.5) and Fix It (3:07.6)
23,cutaway,roll 1 picture 2:58.77-3:05.23,3:08.80,3:15.20,"""Tell the AI what needs to change… Then check the revised answer before you use it.""","monitor: ""Rewrite this paragraph but fix the dates and tone."""
24,board,roll 3 audio,3:15.20,3:22.70,"""Or walk away…""",ring Walk Away; pause 1 s after
25,CUT,roll 3,3:22.70,3:28.70,"""Your evaluation dictates your next move, keeping you in complete control of the final result.""",invented summary; ~6 s
26,board (canonical Check Before You Use),roll 3 audio,3:28.70,3:38.40,"""Checking before you use prevents… like a scholarship application. The AI claims the scholarship deadline is March 1,""",canonical board (with faces) replaces Notebook's recreation; ring claim
27,CUT,roll 3,3:38.48,3:41.80,"""but the official sources state the deadline is February 15.""",replaced by step 20
28,graft audio+picture,roll 1,3:26.40,3:32.33,"""Both the official program page and the school calendar state the deadline is actually February 15.""","roll 1's own Official Program / School Calendar drawing plays under its own words; join after rising """"March 1", needs an ear test
29,board (canonical),roll 3 audio,3:42.66,3:48.96,"""The decision is to fix it. Hard evidence contradicts the generated claim. The answer is not the evidence.""",rings decision then banner; pause 1 s after
30,CUT,roll 3,3:49.70,end,"""Remember this critical rule for all your work. AI generates the initial draft, but human oversight must dictate the final result.""",invented close
31,close board,roll 2 audio,4:28.84,4:31.26,"""The tool answers, you evaluate.""","drops ""As this banner shows,""; level-match to roll 3"
32,close board,roll 3 audio,1:14.22,1:16.10,"""Read. Understand. Validate.""","second use of step 9's take (~2:45 apart); alternative: roll 1 3:54.74-3:57.36 (weak """"read""""", p=0.14); settled close hold after
