lesson,video,candidate,duration,verdict,why,points_total,rich,taught,thin,missing,wrong,hard_met,hard_total,hard_missed,errors,source_qa,additions,repair_feasible,reroll_needs,listening_limits
work-with-ai-opener,course-assets/work-with-ai-opener/work-with-ai-opener.mp4,course-assets/work-with-ai-opener/work-with-ai-opener.mp4,2:37.90,REROLL,"The opening refrain, the camera line, and the takeaway are paraphrased instead of read, a banned word and a formal register run throughout, and the second closing line transcribes as 'AI doesn't'. 'Don't just ask. Aim.' and 'Don't just copy. Check.' exist nowhere in the file, so no in-file repair can reach KEEP.",14,2,9,2,1,0,11,20,"Open on Board 1 and speak 'Don't just ask. Aim.' exactly / 'Don't just copy. Check.' exactly / 'Don't just use AI. Work with it.' exactly, at the open / 'It doesn't replace your thinking. It multiplies it.' exactly, at the open / Tell the camera comparison as written: blurry lunch photo, photographer's cover shot, the tool never changed / Then say 'The result depends on how you use the tool.' / Closing line 2 'It doesn't replace your thinking. It multiplies it.' word for word / Avoid banned words (leverage, methodology, framework, capabilities, operational, workflow, optimize, strategic, precision, protocol) / Voice: plain words, the Markdown's own sentences, no formal or technical translation",0,1,5,no: the two opening refrain lines and the verbatim takeaway and camera line have no donor in this file and no raw rolls survive,"four refrain lines verbatim at the open; camera line as written (blurry lunch photo, photographer's cover shot, tool never changed) then Board 2 as prose; three part names in title form with bridges incl. question-verify-decide; 'The result depends on how you use the tool.' verbatim; both closing lines verbatim with 'It doesn't'; plain register, no 'capabilities'",could not listen; all quotes from the Whisper transcript; 2:30.68 'AI' vs 'It' (0.16 s token) and 0:18.92 'tools'/'tool's' unresolved by ear
ai-is-different,course-assets/ai-is-different/ai-is-different.mp4,course-assets/ai-is-different/ai-is-different.mp4,5:22.47,REROLL,"Four essential beats are never spoken (the right-tool skill takeaway, the Superman comparison, AI's own Kryptonite, and no-one-can-predict) and five more are THIN; six hard requirements are missed, including the superpowers hook, the catch line, the Kryptonite/Superman requirement and the Board 4 walk. No raw roll survives and the live file contains none of the missing words, so no repair is possible.",35,11,15,5,4,0,12,18,"Say AI has superpowers and is built on a different foundation; use the word superpowers (opening) / Board 4 (Structured vs Unstructured) content taught from the Markdown in one uninterrupted span / Say the catch: a superpower isn't the same as the right tool / Teach AI's Kryptonite with the Superman comparison, using the word Kryptonite / Speak every takeaway line as written (Boards 2-5) / Avoid banned words (leverage, methodology, framework, capabilities, operational, workflow, optimize); lesson voice, not formal or technical",4,PASS,6,"no: none of the missing beats exists anywhere in the live file except the two closing lines, and no raw or donor roll survives; the only feasible edits are two optional excess cuts (1:01.60-1:03.34, 1:55.12-2:06.58)","Open with the storm/superpowers hook and 'built on a different foundation' (word superpowers); keep the password, two-ideas, cookbook/chef (say 'recognized the cooking patterns', not memorized), PS5, GPA/receipt/legal-pad, three stories and guardrails beats as they are, but in the lesson's plain voice (no capability, architecture, vulnerability, probabilistic engine, bad actors); speak 'That difference shows up everywhere' with its four-part list; walk Board 4 in one span (inputs notes/pictures/PDFs/audio, outputs summary/table/first draft/image, depends on the app, 'You bring the mess. AI helps make sense of it.'); say 'Here's the catch: a superpower isn't the same as the right tool' and the right-tool skill takeaway; teach the Superman/backpack/fatal comparison and 'AI has its own Kryptonite'; say no one (engineers, researchers, the company) can fully predict it and that people use its superpowers to cause harm; keep 'including students' and 'fake identities'; say both halves of the industry's answer (training to avoid harm + guardrails that block, redirect, or limit); speak every board takeaway as written; end on the two closing lines.","Transcript only (faster-whisper base.en segments + word timestamps); audio not heard. Unverified by ear: ""Ragnarok"" pronunciation, ""deep fakes"" vs ""deepfakes"", ""Marvel Spider-Man 2"" vs ""Marvel's"", the exact end of 2:20.72 ""preset list of top games"" and 2:32.72 ""probability engine"" (segment-level), any pause lengths, and whether anything is spoken after 5:17.80 (transcript ends there; file runs to 5:22.47, the close board)."
where-ai-works-best,course-assets/where-ai-works-best/where-ai-works-best.mp4,"where-ai-works-best.mp4 (live, shipped 2026-09-16)",4:20.10,REROLL,"The spine is complete (every strength's why, what-it-does, and examples are TAUGHT or RICH; both closing lines verbatim; no factual error), but none of the four takeaway lines the prompt requires as written is spoken, and Strength 4's ""You decide what makes sense"" is THIN. No repair exists: none of those words are in the live audio and no raw rolls survive.",36,7,24,1,4,0,28,32,Your material. A more useful form. / More possibilities. You choose the direction. / A lot to read. A clearer place to focus. / Work through the pieces. Make your own call.,0,PASS,3,no: none of the four takeaway lines' words exist anywhere in the live file and no raw rolls survive for this lesson,"Speak the four takeaway lines exactly as written (Your material. A more useful form. / More possibilities. You choose the direction. / A lot to read. A clearer place to focus. / Work through the pieces. Make your own call.); speak each strength name as printed (Explore Possibilities, Find What Matters, Work Through Problems, not the -ing forms); say ""You decide what makes sense"" inside Strength 4 (and the you-decide beat inside Strength 2); keep everything else the live roll already teaches (hook, can-try vs built-for, A+/C- story and the gap, why/what/examples per strength, vast exposure, no guarantee, judgment, both closing lines); plainer voice, avoiding synthesize, parameters, architect, reverse engineer, dataset, actionable, structural; no invented quantities (millions, a dozen)","Audio not heard; transcript and word timestamps only. Unresolved: 1:46.68 ""concepts that has processed"" (likely ""that it has processed""); 0:31.30 ""wrong order missed"" (likely a spoken comma); 1:31.80 ""clean-to-do list""; how A+ and C minus were voiced; any audible quote emphasis in the closing line"
your-home-base,course-assets/your-home-base/your-home-base.mp4,"your-home-base.mp4 (live, 2026-09-21 build)",3:58.93,KEEP,"Every teaching point is RICH or TAUGHT, all hard requirements are met including both closing lines verbatim with nothing after, and there are no factual errors. Only weakness is formal-word voice drift (none banned); an optional 5.8 s trim at 3:16.18-3:21.96 is offered but not required.",18,13,5,0,0,0,18,18,none,0,PASS,4,"yes; nothing to repair, optional trim of 3:16.18-3:21.96 within this file",n/a,"transcript-only; not heard: pronunciation of TRY ITs (transcribed 'triates' 3:27.16), In-N-Out brand name 0:23.92, 'chat GPT' delivery, sentence pause inside close line 1"
questions-matter,course-assets/questions-matter/questions-matter.mp4,"questions-matter.mp4 (live, 2026-09-21 ship17)",3:42.93,KEEP,"Every essential point is RICH or TAUGHT, all 25 hard requirements are met including both closing lines verbatim and all eight weak/better questions word for word, and there are no errors. The single THIN item is the 'research assignment / grandparents, parents, you' setup sentence, which is framing rather than a teaching claim; no understanding is lost.",30,21,8,1,0,0,25,25,none,0,PASS,5,"yes; no repair required, optional cut of the filler sentence 'The modern reality is actually quite simple.' (1:19.36-1:21.96) is a whole beat under the value-lives board",n/a,"audio not heard; read from ASR transcript and word JSON only: On Target better question delivery at 3:09.00-3:15.10 (ASR splits after 'first period'), '55' spoken form, same-onset 'Questions'/'didn't' at 1:24.88, any words after 3:38.28, pronunciation/voice quality"
art-of-prompting,course-assets/art-of-prompting/art-of-prompting.mp4,course-assets/art-of-prompting/art-of-prompting.mp4,4:00.30,REPAIR,"Every teaching point is RICH or TAUGHT, all eight weak/better prompts and both closing lines are verbatim, and there are no errors; the only failure is the banned word ""framework"" spoken twice (0:53.10, 3:22.32), which two whole-sentence cuts inside this file remove.",34,22,12,0,0,0,17,18,"Banned words: leverage, methodology, framework, capabilities, operational, workflow, optimize, strategic (and no formal/technical translation)",0,"PASS (page nit: Board 1 alt text glosses Specific as ""asks for exactly what you need"" vs the board's ""gives enough detail to get an answer that fits"")",4,"yes; cut 0:49.14-0:54.06 (under Board 1 hold, safe) and 3:20.84-3:23.86 (Notebook scene, frame check), both whole sentences between silences, no donor needed",n/a,"transcript-only review, no audio played; the two ""framework"" words and the ""weak""/""week"" homophones were read, not heard; gap lengths and the silent tail after 3:55.58 are transcript-derived"
context-window,course-assets/context-window/context-window.mp4,course-assets/context-window/context-window.mp4,4:25.47,KEEP,All 22 hard requirements land and 29 of 30 teaching points are RICH or TAUGHT with no contradiction of the page. The one THIN beat (the distrust-vs-strength paragraph) keeps its required conclusion line and its idea is carried by the why-beat; it was shipped without on 9/21 and has no in-file donor.,30,23,6,1,0,0,22,22,none,1,1,4,no: nothing required; the THIN beat has no surviving donor and the two verbatim-line lead-ins are one breath group with their lines,"n/a (if the distrust/strength paragraph is ruled essential, a reroll must speak 'Some people see different answers to the same question as a reason not to trust AI ... That's one of AI's strengths')","no audio auditioned: the 0:56.46 and 1:06.50 why-beat graft seams, the grafted 'vehicle' at 2:26.34, 'but' at 0:28.42 in Luke's response (transcripts disagree), close-line cadence, and the 'Ultimately,' lead-in"
evaluate-the-results,course-assets/evaluate-the-results/evaluate-the-results.mp4,"evaluate-the-results.mp4 (live, 2026-09-26 review)",4:16.93,REROLL,"Every teaching point is taught and no facts are wrong, but five of 17 hard requirements are missed (four named-term/verbatim rules plus the plain-voice rule): the deciding questions and digs are not taught by their card names (one question and three digs never named), the Dig takeaway is not spoken as written, and the banned word 'capabilities' is used; the missing names and line occur nowhere in this file and no raw rolls survive, so only the banned-word clause is cuttable.",30,10,20,0,0,0,12,17,"Teach the three deciding questions by name: can you judge it / what kind of task is it / how much is riding on it / Teach all five digs by name: check the sources / challenge the answer / ask what's missing / search the live web / check it yourself / Speak every takeaway line as written / Banned words (leverage, methodology, framework, capabilities, operational, workflow, optimize, strategic) / Voice: plain words, the Markdown's own sentences, no formal/technical translation",0,PASS,6,no: only the 'capabilities' clause (2:42.36-2:44.40) can be cut; no donor for the four missing names or the Dig takeaway line,"same complete content with each of the seven card names spoken as a header before its explanation (Can you judge it / What kind of task is it / How much is riding on it; Check the sources / Challenge the answer / Ask what's missing / Search the live web / Check it yourself), all five takeaway lines verbatim (esp. 'Use AI to help you check. You decide whether the answer holds up.'), the quick-pass prompt 'Explain the second paragraph in simpler terms.' verbatim, the scholarship-application stakes example kept, no banned words, plain lesson wording instead of 'systematic', 'scrutiny', 'actionable', 'arbiter'","no audio heard; read from Whisper transcript and word timestamps; unverified by ear: pausing inside 'the tool answers you evaluate' at 4:08, ordinal voicing of March 1st/February 15th, any mispronunciations; no transcript words were uncertain"
critical-thinking,course-assets/critical-thinking/critical-thinking.mp4,"critical-thinking.mp4 (live, 2026-09-21)",3:17.83,REPAIR,"Every essential point is spoken and all nine verbatim lines land, but Habit 3's second half is cut mid-word (""alternative ex..."") at 2:37.12, so ""other explanations"" never reaches the viewer and the complete-habits requirement is missed. The same file speaks ""alternative explanations"" at 0:28.66-0:29.96 under a course board, so a phrase graft can fix it.",28,19,7,2,0,0,16,17,"Teach all five habits by name, in order, each with its complete Markdown explanation; none reduced to a label",0,PASS,3,"yes; graft this file's ""alternative explanations"" (0:28.66-0:29.96) over ""alternative ex..."" (2:36.30-2:37.26) under the five-habits board, stretch leg ~0.4 s, ear-test the non-final pitch",n/a,"No audio listened to. Truncation inferred from transcript ""ex..."" plus RMS envelope, not by ear; ""publish"" vs ""published"" at 0:50.96 unresolved; exclamation cadence of ""Slim by Chocolate!"" and donor pitch fit unverified"
